<?xml version="1.0" encoding="UTF-8"?>
<project-private xmlns="http://www.netbeans.org/ns/project-private/1">
    <editor-bookmarks xmlns="http://www.netbeans.org/ns/editor-bookmarks/2" lastBookmarkId="0"/>
    <open-files xmlns="http://www.netbeans.org/ns/projectui-open-files/2">
        <group>
            <file>file:/C:/Users/Al/Documents/MyProjects/trafficator-light-module-c18/trafficator-light-module-c18.X/configuration_bits.c</file>
            <file>file:/C:/Users/Al/Documents/MyProjects/trafficator-light-module-c18/trafficator-light-module-c18.X/pwm_sound.c</file>
            <file>file:/C:/Users/Al/Documents/MyProjects/trafficator-light-module-c18/trafficator-light-module-c18.X/ok-sound.h</file>
            <file>file:/C:/Users/Al/Documents/MyProjects/trafficator-light-module-c18/trafficator-light-module-c18.X/main.c</file>
            <file>file:/C:/Users/Al/Documents/MyProjects/trafficator-light-module-c18/trafficator-light-module-c18.X/user.c</file>
            <file>file:/C:/Users/Al/Documents/MyProjects/trafficator-light-module-c18/trafficator-light-module-c18.X/user.h</file>
        </group>
    </open-files>
</project-private>
